{
  "fold": 5,
  "shot": {
    "f1": 0.5242165242165242,
    "roc_auc": 0.533724340175953,
    "pr_auc": 0.35600092285883933,
    "acc": 0.379182156133829
  },
  "calibration_temperature_shot": 0.9785909056663513
}