{
  "fold": 5,
  "receiver": {
    "top1": 0.875,
    "top3": 1.0,
    "top5": 1.0,
    "map3": 0.1428930852644088,
    "ndcg3": 1.573647986383945
  },
  "shot": {
    "f1": 0.5096952908587258,
    "roc_auc": 0.5119134897360704,
    "pr_auc": 0.34335255534799636,
    "acc": 0.3420074349442379
  },
  "calibration_temperature_shot": 6.154828071594238
}