{
  "fold": 5,
  "receiver": {
    "top1": 0.4375,
    "top3": 1.0,
    "top5": 1.0,
    "map3": 0.07404318261395466,
    "ndcg3": 0.9798979863839449
  }
}